ATT_ID,EMP_ID,LEAVE_DATE,REASON,VOLUNTARY
5001,2802,2023-04-15,Manager Conflict,TRUE
5002,2191,2025-11-10,Work-Life Balance,TRUE
5003,2818,2023-03-16,Work-Life Balance,TRUE
5004,1252,2024-04-04,Salary,TRUE
5005,3506,2023-04-06,Growth Opportunity,TRUE
5006,2118,2023-01-13,Manager Conflict,FALSE
5007,2412,2024-07-10,Manager Conflict,FALSE
5008,3114,2025-01-07,Salary,TRUE
5009,1409,2026-10-08,Growth Opportunity,TRUE
5010,3580,2024-11-15,Salary,TRUE
5011,3255,2025-02-05,Growth Opportunity,TRUE
5012,1053,2023-04-23,Growth Opportunity,FALSE
5013,1645,2023-02-28,Personal,TRUE
5014,2764,2025-11-12,Growth Opportunity,TRUE
5015,3777,2026-11-25,Work-Life Balance,TRUE
5016,1901,2026-01-05,Growth Opportunity,TRUE
5017,2074,2025-09-01,Manager Conflict,FALSE
5018,1473,2026-04-09,Salary,TRUE
5019,3739,2025-09-24,Salary,TRUE
5020,3547,2026-03-06,Growth Opportunity,TRUE
5021,1045,2024-01-25,Work-Life Balance,TRUE
5022,1290,2026-11-21,Growth Opportunity,TRUE
5023,1913,2025-03-03,Growth Opportunity,TRUE
5024,3084,2023-09-12,Salary,TRUE
5025,2361,2024-07-10,Work-Life Balance,FALSE
5026,3896,2024-09-22,Salary,TRUE
5027,3604,2024-04-10,Salary,TRUE
5028,2227,2026-07-18,Manager Conflict,TRUE
5029,1297,2026-08-19,Work-Life Balance,TRUE
5030,2242,2024-04-24,Work-Life Balance,TRUE
5031,2006,2026-07-18,Relocation,TRUE
5032,2666,2024-03-23,Relocation,TRUE
5033,1747,2023-01-15,Manager Conflict,FALSE
5034,3852,2024-05-12,Salary,TRUE
5035,1292,2023-11-28,Salary,TRUE
5036,1782,2023-01-26,Salary,TRUE
5037,3145,2024-02-05,Growth Opportunity,TRUE
5038,1323,2025-06-25,Salary,TRUE
5039,1299,2025-01-15,Work-Life Balance,TRUE
5040,2299,2026-02-04,Work-Life Balance,TRUE
5041,1195,2023-03-10,Growth Opportunity,FALSE
5042,1064,2026-02-07,Salary,TRUE
5043,1394,2025-01-06,Relocation,TRUE
5044,1728,2024-12-16,Relocation,TRUE
5045,2584,2024-03-15,Work-Life Balance,TRUE
5046,2548,2025-01-31,Growth Opportunity,TRUE
5047,3426,2023-07-08,Growth Opportunity,TRUE
5048,1015,2026-11-02,Work-Life Balance,TRUE
5049,3568,2024-11-12,Work-Life Balance,TRUE
5050,2601,2026-07-24,Salary,TRUE
5051,2091,2026-06-24,Personal,TRUE
5052,3112,2024-07-13,Manager Conflict,TRUE
5053,1204,2023-08-06,Growth Opportunity,FALSE
5054,3419,2025-11-29,Growth Opportunity,TRUE
5055,1153,2026-10-02,Growth Opportunity,TRUE
5056,3902,2023-08-21,Personal,TRUE
5057,2360,2025-04-11,Salary,TRUE
5058,1773,2026-04-30,Work-Life Balance,TRUE
5059,3679,2023-07-09,Salary,FALSE
5060,2002,2025-04-11,Relocation,TRUE
5061,1719,2023-10-16,Relocation,TRUE
5062,1613,2026-01-02,Manager Conflict,TRUE
5063,1843,2024-10-03,Manager Conflict,TRUE
5064,1267,2026-07-21,Manager Conflict,TRUE
5065,1052,2025-10-12,Work-Life Balance,TRUE
5066,2196,2026-06-24,Growth Opportunity,TRUE
5067,2271,2023-04-03,Salary,TRUE
5068,2492,2024-07-29,Relocation,TRUE
5069,2583,2024-04-21,Growth Opportunity,TRUE
5070,1522,2025-05-25,Salary,TRUE
5071,2695,2024-07-04,Work-Life Balance,TRUE
5072,3664,2026-08-15,Salary,TRUE
5073,3749,2023-07-17,Work-Life Balance,FALSE
5074,2922,2026-01-27,Work-Life Balance,TRUE
5075,1103,2026-12-28,Work-Life Balance,FALSE
5076,1696,2026-09-11,Work-Life Balance,TRUE
5077,3333,2023-06-26,Manager Conflict,TRUE
5078,3725,2024-02-12,Salary,FALSE
5079,3273,2024-12-07,Work-Life Balance,FALSE
5080,3483,2025-06-27,Growth Opportunity,TRUE
5081,2843,2025-11-02,Salary,TRUE
5082,2831,2024-09-19,Work-Life Balance,FALSE
5083,1795,2024-01-27,Work-Life Balance,TRUE
5084,2821,2024-04-08,Growth Opportunity,FALSE
5085,3002,2023-08-13,Work-Life Balance,TRUE
5086,1145,2026-06-02,Manager Conflict,FALSE
5087,3526,2026-02-14,Salary,TRUE
5088,2331,2025-12-04,Work-Life Balance,TRUE
5089,3478,2025-12-05,Personal,FALSE
5090,3882,2024-07-12,Manager Conflict,TRUE
5091,1322,2026-07-22,Growth Opportunity,TRUE
5092,2262,2026-10-26,Manager Conflict,TRUE
5093,3415,2025-12-15,Work-Life Balance,TRUE
5094,2270,2023-02-25,Growth Opportunity,TRUE
5095,2761,2025-09-02,Salary,TRUE
5096,1417,2023-08-01,Growth Opportunity,TRUE
5097,3632,2024-11-29,Work-Life Balance,TRUE
5098,3292,2023-04-23,Work-Life Balance,TRUE
5099,1175,2024-05-11,Growth Opportunity,TRUE
5100,2726,2024-11-03,Salary,TRUE
5101,3176,2026-05-07,Work-Life Balance,TRUE
5102,1046,2023-06-08,Manager Conflict,FALSE
5103,1686,2023-09-15,Salary,TRUE
5104,2608,2023-09-21,Work-Life Balance,TRUE
5105,2232,2024-09-28,Work-Life Balance,TRUE
5106,1863,2025-05-21,Growth Opportunity,TRUE
5107,2966,2025-07-12,Salary,FALSE
5108,1332,2026-09-28,Work-Life Balance,TRUE
5109,1094,2023-08-28,Work-Life Balance,TRUE
5110,2642,2024-05-16,Work-Life Balance,FALSE
5111,3987,2024-01-02,Salary,FALSE
5112,1507,2025-02-18,Manager Conflict,TRUE
5113,3910,2026-10-09,Salary,TRUE
5114,3046,2024-09-02,Personal,TRUE
5115,1496,2025-08-27,Salary,TRUE
5116,3133,2025-11-25,Salary,TRUE
5117,1001,2023-06-30,Salary,TRUE
5118,1315,2025-10-02,Work-Life Balance,TRUE
5119,2273,2023-01-11,Work-Life Balance,TRUE
5120,2942,2025-09-12,Manager Conflict,TRUE
5121,3968,2024-09-03,Relocation,TRUE
5122,2317,2026-04-07,Work-Life Balance,TRUE
5123,1756,2026-11-14,Manager Conflict,TRUE
5124,2771,2024-01-22,Work-Life Balance,FALSE
5125,2201,2025-02-23,Work-Life Balance,FALSE
5126,3175,2025-08-13,Salary,TRUE
5127,2992,2023-06-08,Growth Opportunity,TRUE
5128,1880,2025-12-30,Salary,FALSE
5129,1766,2025-11-27,Growth Opportunity,TRUE
5130,1928,2026-01-11,Work-Life Balance,TRUE
5131,3378,2025-08-16,Growth Opportunity,FALSE
5132,2375,2026-08-27,Growth Opportunity,FALSE
5133,2815,2026-05-21,Salary,FALSE
5134,2799,2024-09-29,Growth Opportunity,TRUE
5135,1930,2024-05-27,Work-Life Balance,TRUE
5136,1437,2026-09-18,Salary,TRUE
5137,1197,2024-06-18,Work-Life Balance,TRUE
5138,2763,2026-10-11,Manager Conflict,TRUE
5139,2065,2023-06-20,Growth Opportunity,TRUE
5140,3343,2024-03-07,Salary,TRUE
5141,3529,2026-07-29,Growth Opportunity,TRUE
5142,2269,2023-10-11,Growth Opportunity,TRUE
5143,3324,2023-12-06,Salary,TRUE
5144,3780,2025-05-22,Manager Conflict,TRUE
5145,3226,2024-06-19,Growth Opportunity,TRUE
5146,1451,2026-08-21,Work-Life Balance,TRUE
5147,3165,2026-04-12,Salary,TRUE
5148,3373,2024-12-30,Salary,FALSE
5149,3013,2023-12-02,Work-Life Balance,FALSE
5150,1271,2025-01-18,Salary,TRUE
5151,2841,2024-12-04,Growth Opportunity,FALSE
5152,3935,2026-02-26,Work-Life Balance,TRUE
5153,1979,2024-09-16,Growth Opportunity,TRUE
5154,3167,2026-10-17,Manager Conflict,FALSE
5155,1355,2026-04-17,Work-Life Balance,TRUE
5156,2877,2023-05-01,Manager Conflict,FALSE
5157,1185,2023-02-21,Manager Conflict,TRUE
5158,3745,2025-07-26,Salary,TRUE
5159,2615,2023-01-22,Growth Opportunity,TRUE
5160,3760,2026-09-01,Manager Conflict,TRUE
5161,2707,2025-03-02,Salary,TRUE
5162,2862,2026-05-29,Manager Conflict,TRUE
5163,1247,2024-02-13,Work-Life Balance,TRUE
5164,1556,2023-04-11,Personal,FALSE
5165,2753,2023-11-16,Manager Conflict,FALSE
5166,2365,2023-12-20,Work-Life Balance,TRUE
5167,1068,2023-09-17,Work-Life Balance,TRUE
5168,3619,2026-09-10,Salary,TRUE
5169,3285,2024-06-14,Salary,FALSE
5170,1533,2026-05-31,Relocation,TRUE
5171,3874,2026-08-15,Manager Conflict,FALSE
5172,3706,2024-09-06,Work-Life Balance,FALSE
5173,2503,2026-03-02,Salary,TRUE
5174,1762,2026-08-04,Work-Life Balance,FALSE
5175,3753,2024-10-20,Salary,TRUE
5176,2212,2025-06-29,Work-Life Balance,TRUE
5177,3244,2024-10-05,Salary,TRUE
5178,2794,2025-11-15,Manager Conflict,TRUE
5179,1536,2024-11-12,Personal,TRUE
5180,2747,2024-01-20,Work-Life Balance,TRUE
5181,1464,2024-12-10,Growth Opportunity,TRUE
5182,3678,2023-06-13,Growth Opportunity,TRUE
5183,2840,2023-09-18,Manager Conflict,TRUE
5184,3863,2026-08-10,Growth Opportunity,TRUE
5185,1125,2025-11-21,Work-Life Balance,TRUE
5186,1179,2026-08-04,Growth Opportunity,TRUE
5187,1193,2023-12-31,Salary,TRUE
5188,3308,2025-11-12,Salary,TRUE
5189,2430,2024-08-12,Manager Conflict,TRUE
5190,2692,2025-07-17,Salary,TRUE
5191,1742,2026-12-28,Manager Conflict,TRUE
5192,2035,2025-11-30,Personal,TRUE
5193,2967,2023-09-17,Work-Life Balance,TRUE
5194,1479,2024-08-08,Salary,TRUE
5195,2028,2024-01-28,Relocation,TRUE
5196,3602,2024-11-25,Salary,TRUE
5197,1369,2023-05-09,Work-Life Balance,TRUE
5198,3524,2024-08-08,Growth Opportunity,TRUE
5199,1846,2023-02-12,Relocation,TRUE
5200,1257,2025-12-25,Growth Opportunity,TRUE
5201,2223,2026-12-29,Growth Opportunity,TRUE
5202,2993,2024-06-06,Work-Life Balance,FALSE
5203,1212,2025-08-31,Growth Opportunity,TRUE
5204,3690,2023-08-03,Salary,TRUE
5205,2950,2023-06-06,Salary,TRUE
5206,2363,2023-02-10,Salary,FALSE
5207,3152,2023-10-13,Salary,TRUE
5208,3154,2025-01-13,Salary,TRUE
5209,1568,2025-05-04,Manager Conflict,TRUE
5210,3207,2024-01-26,Salary,TRUE
5211,3094,2024-06-14,Salary,FALSE
5212,2711,2023-12-02,Work-Life Balance,TRUE
5213,2264,2023-09-29,Work-Life Balance,FALSE
5214,3124,2023-09-18,Salary,TRUE
5215,1799,2024-02-19,Relocation,TRUE
5216,1081,2026-08-15,Salary,TRUE
5217,1033,2026-06-18,Work-Life Balance,TRUE
5218,1415,2025-06-20,Work-Life Balance,TRUE
5219,2805,2023-03-07,Growth Opportunity,FALSE
5220,3214,2026-10-21,Salary,TRUE
5221,2322,2026-05-24,Salary,TRUE
5222,2568,2026-01-03,Salary,TRUE
5223,1784,2023-12-24,Growth Opportunity,TRUE
5224,3992,2024-11-21,Work-Life Balance,TRUE
5225,2413,2026-06-03,Manager Conflict,TRUE
5226,1458,2025-03-02,Growth Opportunity,TRUE
5227,1140,2024-01-20,Salary,FALSE
5228,3231,2024-11-28,Work-Life Balance,TRUE
5229,2026,2024-05-20,Salary,TRUE
5230,1089,2023-07-24,Work-Life Balance,TRUE
5231,2443,2023-10-08,Work-Life Balance,FALSE
5232,2832,2026-02-18,Growth Opportunity,TRUE
5233,3577,2023-11-27,Manager Conflict,TRUE
5234,1255,2024-01-08,Growth Opportunity,TRUE
5235,1606,2024-08-04,Salary,TRUE
5236,2045,2024-04-20,Salary,TRUE
5237,1569,2026-06-14,Work-Life Balance,TRUE
5238,2733,2023-06-09,Manager Conflict,TRUE
5239,3543,2025-09-12,Manager Conflict,TRUE
5240,1858,2026-03-10,Personal,TRUE
5241,3473,2026-05-26,Manager Conflict,TRUE
5242,1818,2023-08-09,Personal,FALSE
5243,3031,2023-09-09,Growth Opportunity,TRUE
5244,2878,2024-08-16,Manager Conflict,FALSE
5245,1142,2026-10-27,Work-Life Balance,TRUE
5246,1444,2023-12-20,Salary,TRUE
5247,2175,2026-05-09,Manager Conflict,TRUE
5248,1487,2023-10-17,Salary,TRUE
5249,1882,2023-08-19,Work-Life Balance,FALSE
5250,3565,2025-11-29,Growth Opportunity,FALSE
5251,2085,2025-07-15,Salary,TRUE
5252,2300,2023-12-05,Growth Opportunity,TRUE
5253,1176,2025-10-29,Growth Opportunity,TRUE
5254,2095,2025-04-01,Work-Life Balance,TRUE
5255,3701,2025-06-04,Growth Opportunity,FALSE
5256,3847,2025-01-24,Growth Opportunity,FALSE
5257,2964,2024-07-03,Salary,TRUE
5258,3682,2023-11-26,Relocation,TRUE
5259,3098,2026-10-05,Manager Conflict,TRUE
5260,3156,2023-06-21,Work-Life Balance,TRUE
5261,2557,2025-08-02,Salary,TRUE
5262,2671,2025-04-03,Growth Opportunity,TRUE
5263,1178,2024-08-16,Growth Opportunity,TRUE
5264,2079,2024-11-26,Work-Life Balance,TRUE
5265,1599,2026-09-18,Salary,TRUE
5266,3191,2023-04-22,Personal,TRUE
5267,3532,2025-08-01,Work-Life Balance,TRUE
5268,3668,2026-02-14,Relocation,TRUE
5269,3787,2026-03-29,Growth Opportunity,TRUE
5270,1480,2026-06-01,Work-Life Balance,TRUE
5271,2968,2024-11-09,Growth Opportunity,TRUE
5272,2058,2024-06-06,Relocation,TRUE
5273,3269,2024-06-19,Manager Conflict,TRUE
5274,1534,2023-12-08,Growth Opportunity,TRUE
5275,2104,2026-12-18,Growth Opportunity,FALSE
5276,2107,2025-06-05,Salary,TRUE
5277,3928,2023-01-10,Growth Opportunity,FALSE
5278,2124,2023-08-08,Manager Conflict,TRUE
5279,1943,2023-04-07,Manager Conflict,FALSE
5280,1163,2026-06-20,Manager Conflict,TRUE
5281,2552,2024-09-09,Growth Opportunity,TRUE
5282,1966,2025-01-02,Growth Opportunity,TRUE
5283,1472,2023-01-29,Manager Conflict,TRUE
5284,1845,2026-10-12,Salary,TRUE
5285,1999,2023-11-26,Personal,TRUE
5286,2905,2024-03-23,Growth Opportunity,TRUE
5287,1031,2024-01-09,Salary,TRUE
5288,3891,2025-07-14,Salary,TRUE
5289,1424,2026-11-11,Salary,TRUE
5290,1512,2023-12-31,Salary,TRUE
5291,3759,2025-03-24,Salary,TRUE
5292,3738,2024-06-02,Salary,FALSE
5293,2394,2025-07-16,Salary,TRUE
5294,2587,2023-10-10,Work-Life Balance,TRUE
5295,2930,2026-03-14,Manager Conflict,FALSE
5296,3498,2025-03-29,Work-Life Balance,TRUE
5297,1788,2026-07-04,Salary,TRUE
5298,3637,2025-06-03,Work-Life Balance,TRUE
5299,3539,2026-03-09,Salary,TRUE
5300,1403,2023-07-28,Salary,TRUE
5301,1434,2025-02-24,Work-Life Balance,FALSE
5302,2152,2023-11-22,Growth Opportunity,TRUE
5303,1074,2026-05-23,Growth Opportunity,TRUE
5304,2537,2023-01-16,Manager Conflict,FALSE
5305,3710,2026-04-16,Growth Opportunity,TRUE
5306,1622,2026-10-11,Salary,FALSE
5307,2438,2023-07-26,Growth Opportunity,TRUE
5308,2560,2026-06-28,Salary,TRUE
5309,2567,2026-08-21,Salary,TRUE
5310,1325,2023-04-22,Salary,FALSE
5311,1333,2024-02-21,Salary,TRUE
5312,2393,2023-01-03,Work-Life Balance,TRUE
5313,1651,2026-08-17,Salary,TRUE
5314,3237,2024-12-07,Manager Conflict,TRUE
5315,2534,2025-01-22,Salary,TRUE
5316,3164,2023-10-10,Salary,TRUE
5317,1544,2024-04-15,Salary,TRUE
5318,3959,2024-02-12,Relocation,TRUE
5319,2819,2025-02-21,Manager Conflict,FALSE
5320,2625,2024-07-09,Work-Life Balance,TRUE
5321,2178,2023-05-17,Salary,FALSE
5322,1680,2023-05-23,Relocation,TRUE
5323,3097,2026-05-02,Work-Life Balance,TRUE
5324,3030,2024-08-17,Personal,TRUE
5325,2660,2026-11-17,Work-Life Balance,TRUE
5326,2638,2026-09-04,Work-Life Balance,TRUE
5327,1240,2024-09-10,Growth Opportunity,TRUE
5328,3125,2026-06-12,Salary,TRUE
5329,3620,2026-08-29,Relocation,TRUE
5330,3291,2023-08-28,Salary,TRUE
5331,1765,2025-02-18,Manager Conflict,TRUE
5332,2129,2026-12-23,Work-Life Balance,TRUE
5333,2886,2024-02-28,Work-Life Balance,TRUE
5334,2117,2026-12-15,Salary,TRUE
5335,2103,2024-09-08,Work-Life Balance,TRUE
5336,3848,2026-07-31,Salary,TRUE
5337,3331,2024-10-26,Manager Conflict,FALSE
5338,2362,2025-11-12,Manager Conflict,TRUE
5339,3317,2026-05-03,Work-Life Balance,TRUE
5340,2408,2024-03-08,Growth Opportunity,TRUE
5341,3530,2025-04-11,Work-Life Balance,TRUE
5342,1344,2024-10-06,Work-Life Balance,FALSE
5343,2106,2024-03-28,Work-Life Balance,TRUE
5344,3593,2026-05-28,Work-Life Balance,FALSE
5345,1558,2025-03-03,Salary,FALSE
5346,2476,2024-08-12,Salary,TRUE
5347,3704,2026-11-17,Relocation,TRUE
5348,1595,2023-06-05,Work-Life Balance,TRUE
5349,2558,2024-09-22,Salary,TRUE
5350,1412,2024-02-22,Salary,FALSE
5351,2056,2024-11-14,Salary,TRUE
5352,3474,2023-10-17,Work-Life Balance,TRUE
5353,1109,2024-01-23,Manager Conflict,TRUE
5354,3026,2024-05-31,Salary,TRUE
5355,3707,2024-12-09,Salary,FALSE
5356,1319,2026-07-10,Work-Life Balance,FALSE
5357,3719,2025-04-25,Relocation,TRUE
5358,1841,2023-11-08,Growth Opportunity,TRUE
5359,3958,2025-04-10,Relocation,TRUE
5360,2352,2024-10-02,Relocation,TRUE
5361,3826,2025-09-22,Work-Life Balance,TRUE
5362,3367,2025-09-11,Manager Conflict,TRUE
5363,2883,2026-09-10,Work-Life Balance,TRUE
5364,1681,2024-01-15,Work-Life Balance,TRUE
5365,1730,2026-12-22,Salary,FALSE
5366,1790,2023-07-01,Manager Conflict,TRUE
5367,2814,2023-09-28,Work-Life Balance,TRUE
5368,2346,2026-01-30,Relocation,FALSE
5369,2869,2025-07-14,Salary,TRUE
5370,3070,2025-05-03,Manager Conflict,TRUE
5371,1433,2026-05-18,Manager Conflict,TRUE
5372,1565,2026-05-18,Salary,TRUE
5373,2749,2026-01-10,Work-Life Balance,TRUE
5374,2777,2025-07-29,Work-Life Balance,FALSE
5375,1071,2025-04-30,Growth Opportunity,TRUE
5376,2789,2026-01-19,Salary,FALSE
5377,2230,2026-11-15,Salary,TRUE
5378,2513,2025-05-06,Work-Life Balance,TRUE
5379,1057,2023-11-18,Personal,TRUE
5380,2602,2024-10-02,Growth Opportunity,TRUE
5381,1652,2023-06-22,Growth Opportunity,TRUE
5382,3177,2025-02-16,Work-Life Balance,TRUE
5383,1898,2025-01-23,Manager Conflict,TRUE
5384,1786,2024-01-24,Salary,TRUE
5385,1310,2025-07-13,Work-Life Balance,TRUE
5386,3405,2026-01-24,Work-Life Balance,TRUE
5387,2742,2023-03-29,Work-Life Balance,TRUE
5388,1908,2023-04-22,Growth Opportunity,FALSE
5389,1603,2024-03-30,Salary,TRUE
5390,2179,2025-09-14,Growth Opportunity,FALSE
5391,3298,2023-05-25,Salary,TRUE
5392,2746,2025-08-17,Salary,FALSE
5393,2162,2026-08-23,Salary,TRUE
5394,2510,2025-12-16,Manager Conflict,FALSE
5395,3096,2026-07-30,Manager Conflict,TRUE
5396,2578,2023-07-18,Manager Conflict,TRUE
5397,1573,2026-07-05,Salary,FALSE
5398,1555,2025-08-08,Salary,TRUE
5399,1946,2024-02-23,Salary,TRUE
5400,3997,2023-11-03,Salary,TRUE
5401,1875,2026-06-17,Manager Conflict,TRUE
5402,3995,2026-12-01,Salary,TRUE
5403,2570,2026-06-22,Manager Conflict,TRUE
5404,3669,2025-08-18,Relocation,TRUE
5405,3628,2026-09-15,Work-Life Balance,TRUE
5406,2554,2026-02-02,Personal,TRUE
5407,1121,2025-06-14,Relocation,FALSE
5408,3660,2024-05-17,Work-Life Balance,TRUE
5409,1810,2024-08-22,Salary,TRUE
5410,3187,2025-02-22,Growth Opportunity,TRUE
5411,2619,2025-04-14,Work-Life Balance,TRUE
5412,1314,2026-11-05,Salary,TRUE
5413,2563,2024-11-23,Work-Life Balance,TRUE
5414,1234,2025-04-04,Salary,TRUE
5415,1508,2025-12-16,Salary,TRUE
5416,2337,2026-02-13,Manager Conflict,FALSE
5417,2386,2026-06-11,Manager Conflict,TRUE
5418,1112,2026-12-09,Work-Life Balance,TRUE
5419,2579,2026-04-22,Work-Life Balance,TRUE
5420,1411,2023-01-20,Growth Opportunity,TRUE
5421,1219,2024-04-30,Relocation,TRUE
5422,3115,2023-09-02,Personal,FALSE
5423,2308,2026-03-31,Growth Opportunity,TRUE
5424,2081,2023-06-03,Growth Opportunity,TRUE
5425,1760,2026-04-24,Work-Life Balance,FALSE
5426,1912,2023-02-12,Manager Conflict,FALSE
5427,1808,2025-07-18,Growth Opportunity,TRUE
5428,1440,2024-11-25,Salary,TRUE
5429,1545,2024-05-03,Growth Opportunity,TRUE
5430,1486,2023-07-17,Growth Opportunity,TRUE
5431,3476,2026-03-13,Manager Conflict,TRUE
5432,1388,2023-01-12,Salary,TRUE
5433,3917,2026-08-22,Salary,FALSE
5434,2193,2025-04-17,Salary,TRUE
5435,2231,2024-03-11,Personal,FALSE
5436,2211,2024-01-01,Salary,TRUE
5437,2274,2025-12-12,Growth Opportunity,FALSE
5438,2940,2023-08-22,Relocation,TRUE
5439,3304,2025-05-25,Salary,TRUE
5440,1931,2023-07-31,Salary,TRUE
5441,1136,2024-10-16,Work-Life Balance,TRUE
5442,2781,2023-06-05,Salary,TRUE
5443,3168,2023-11-21,Salary,FALSE
5444,2498,2024-11-15,Manager Conflict,TRUE
5445,3257,2024-10-29,Salary,FALSE
5446,1367,2025-12-28,Salary,TRUE
5447,3025,2025-06-01,Salary,TRUE
5448,3898,2023-05-30,Personal,TRUE
5449,1030,2024-08-01,Growth Opportunity,TRUE
5450,3502,2025-06-06,Work-Life Balance,TRUE
5451,3969,2025-09-06,Salary,TRUE
5452,2048,2026-11-02,Relocation,TRUE
5453,3888,2023-07-24,Growth Opportunity,FALSE
5454,2422,2026-05-20,Manager Conflict,FALSE
5455,2489,2025-12-02,Growth Opportunity,FALSE
5456,1184,2026-10-11,Growth Opportunity,TRUE
5457,2135,2023-07-20,Manager Conflict,TRUE
5458,1189,2023-09-04,Growth Opportunity,TRUE
5459,1421,2024-08-06,Work-Life Balance,TRUE
5460,1171,2025-01-28,Salary,TRUE
5461,2378,2026-04-26,Personal,TRUE
5462,1461,2025-11-09,Manager Conflict,TRUE
5463,1044,2024-07-07,Personal,TRUE
5464,1088,2023-10-14,Manager Conflict,TRUE
5465,2323,2024-04-10,Growth Opportunity,TRUE
5466,2741,2025-02-21,Work-Life Balance,TRUE
5467,1706,2023-07-13,Work-Life Balance,TRUE
5468,1904,2025-08-05,Work-Life Balance,TRUE
5469,1283,2026-02-11,Salary,TRUE
5470,3459,2026-11-05,Growth Opportunity,FALSE
5471,1694,2026-01-20,Salary,TRUE
5472,3090,2025-12-24,Salary,TRUE
5473,3067,2025-06-26,Growth Opportunity,TRUE
5474,1258,2023-06-30,Salary,FALSE
5475,3645,2024-06-06,Work-Life Balance,FALSE
5476,3595,2026-07-07,Manager Conflict,TRUE
5477,3443,2025-11-24,Salary,TRUE
5478,3884,2023-08-20,Growth Opportunity,TRUE
5479,2217,2025-11-11,Salary,TRUE
5480,2042,2023-07-08,Growth Opportunity,TRUE
5481,3454,2024-04-23,Salary,TRUE
5482,1150,2024-09-24,Work-Life Balance,TRUE
5483,2737,2026-07-06,Manager Conflict,TRUE
5484,3359,2024-11-01,Manager Conflict,TRUE
5485,3393,2026-04-01,Relocation,TRUE
5486,3442,2023-02-12,Relocation,TRUE
5487,3113,2025-05-08,Work-Life Balance,TRUE
5488,3418,2024-04-07,Salary,TRUE
5489,1135,2023-05-05,Salary,TRUE
5490,3931,2023-07-01,Manager Conflict,TRUE
5491,1832,2023-03-30,Salary,TRUE
5492,2801,2025-03-06,Growth Opportunity,TRUE
5493,3930,2023-01-08,Work-Life Balance,FALSE
5494,3989,2025-03-04,Manager Conflict,TRUE
5495,2899,2024-07-01,Growth Opportunity,TRUE
5496,1865,2026-11-13,Work-Life Balance,FALSE
5497,1529,2026-08-04,Personal,FALSE
5498,3220,2025-12-04,Work-Life Balance,TRUE
5499,1431,2025-12-06,Relocation,FALSE
5500,3744,2025-11-13,Salary,TRUE
5501,2745,2025-03-15,Manager Conflict,TRUE
5502,1611,2024-07-28,Salary,TRUE
5503,1950,2024-10-29,Work-Life Balance,TRUE
5504,3812,2024-09-24,Work-Life Balance,TRUE
5505,1222,2023-06-18,Growth Opportunity,TRUE
5506,2916,2025-04-18,Growth Opportunity,TRUE
5507,3412,2025-04-05,Salary,TRUE
5508,2037,2026-04-07,Salary,TRUE
5509,3646,2026-09-14,Personal,TRUE
5510,1933,2024-08-25,Personal,TRUE
5511,3556,2026-12-05,Salary,TRUE
5512,1174,2026-07-01,Salary,TRUE
5513,1566,2026-12-01,Growth Opportunity,TRUE
5514,2961,2025-12-14,Relocation,TRUE
5515,1813,2025-06-14,Salary,TRUE
5516,3688,2025-01-12,Growth Opportunity,TRUE
5517,1959,2024-12-08,Work-Life Balance,TRUE
5518,1528,2026-09-02,Salary,FALSE
5519,2414,2025-09-11,Salary,FALSE
5520,2612,2025-01-18,Manager Conflict,TRUE
5521,1273,2023-11-21,Growth Opportunity,TRUE
5522,1927,2024-12-09,Work-Life Balance,FALSE
5523,2740,2024-07-22,Salary,TRUE
5524,1848,2025-03-19,Work-Life Balance,TRUE
5525,1953,2024-11-16,Work-Life Balance,TRUE
5526,2621,2023-08-17,Personal,FALSE
5527,4000,2023-10-14,Salary,TRUE
5528,3316,2023-08-02,Work-Life Balance,TRUE
5529,2913,2026-11-18,Work-Life Balance,TRUE
5530,3594,2026-03-05,Salary,TRUE
5531,3032,2025-05-14,Work-Life Balance,TRUE
5532,2101,2024-01-15,Growth Opportunity,FALSE
5533,2293,2024-01-08,Work-Life Balance,FALSE
5534,3876,2023-10-08,Work-Life Balance,TRUE
5535,1169,2024-12-15,Salary,TRUE
5536,3377,2024-04-30,Salary,FALSE
5537,2468,2026-05-27,Growth Opportunity,TRUE
5538,3767,2024-06-11,Work-Life Balance,FALSE
5539,2399,2025-05-04,Salary,TRUE
5540,2229,2026-10-01,Manager Conflict,TRUE
5541,3235,2024-01-26,Growth Opportunity,FALSE
5542,2739,2024-02-22,Salary,TRUE
5543,1368,2026-04-27,Manager Conflict,TRUE
5544,3276,2025-10-11,Work-Life Balance,TRUE
5545,1868,2023-09-10,Manager Conflict,TRUE
5546,2303,2026-12-28,Salary,FALSE
5547,1352,2026-01-18,Manager Conflict,TRUE
5548,3395,2026-03-02,Salary,TRUE
5549,3504,2024-05-20,Work-Life Balance,FALSE
5550,1980,2025-05-09,Work-Life Balance,TRUE
5551,2848,2026-09-05,Manager Conflict,FALSE
5552,3371,2023-08-05,Growth Opportunity,TRUE
5553,1499,2024-11-24,Work-Life Balance,TRUE
5554,2629,2023-10-30,Growth Opportunity,TRUE
5555,1211,2025-09-26,Salary,TRUE
5556,3471,2026-05-08,Salary,TRUE
5557,1602,2023-04-25,Salary,FALSE
5558,1228,2026-05-16,Manager Conflict,TRUE
5559,1366,2024-01-30,Work-Life Balance,FALSE
5560,1582,2026-05-02,Growth Opportunity,FALSE
5561,3856,2025-11-22,Growth Opportunity,TRUE
5562,3179,2025-05-09,Growth Opportunity,TRUE
5563,3019,2026-01-11,Salary,TRUE
5564,1860,2026-04-15,Relocation,TRUE
5565,1408,2025-04-24,Growth Opportunity,TRUE
5566,2921,2025-06-29,Manager Conflict,TRUE
5567,2614,2023-05-16,Work-Life Balance,TRUE
5568,1679,2024-10-12,Salary,TRUE
5569,2265,2026-10-25,Manager Conflict,TRUE
5570,3408,2026-10-09,Growth Opportunity,TRUE
5571,1692,2026-06-28,Salary,FALSE
5572,1008,2026-12-18,Work-Life Balance,TRUE
5573,3868,2026-01-09,Work-Life Balance,TRUE
5574,2205,2026-07-26,Salary,TRUE
5575,3234,2024-06-11,Work-Life Balance,TRUE
5576,1416,2025-06-28,Growth Opportunity,TRUE
5577,1671,2025-01-09,Salary,TRUE
5578,1811,2025-08-24,Work-Life Balance,TRUE
5579,2090,2024-10-20,Work-Life Balance,TRUE
5580,1200,2025-12-29,Salary,TRUE
5581,1284,2026-01-03,Work-Life Balance,FALSE
5582,1232,2025-02-27,Work-Life Balance,FALSE
5583,3731,2025-01-22,Growth Opportunity,TRUE
5584,3862,2026-03-20,Salary,TRUE
5585,1097,2025-12-11,Work-Life Balance,TRUE
5586,2588,2024-07-23,Growth Opportunity,TRUE
5587,3570,2023-12-10,Salary,TRUE
5588,2607,2026-06-29,Growth Opportunity,TRUE
5589,1677,2024-09-25,Salary,FALSE
5590,2861,2023-12-23,Work-Life Balance,TRUE
5591,3782,2023-06-02,Relocation,TRUE
5592,3864,2024-08-21,Work-Life Balance,TRUE
5593,3588,2025-12-26,Work-Life Balance,TRUE
5594,2400,2025-01-01,Growth Opportunity,FALSE
5595,2371,2024-01-13,Salary,TRUE
5596,1105,2025-09-12,Relocation,TRUE
5597,3088,2025-10-23,Manager Conflict,TRUE
5598,1600,2024-09-17,Work-Life Balance,TRUE
5599,2757,2025-03-22,Manager Conflict,TRUE
5600,2324,2024-05-23,Personal,TRUE
5601,1643,2023-05-08,Personal,FALSE
5602,1701,2023-03-27,Growth Opportunity,TRUE
5603,1227,2024-08-28,Personal,TRUE
5604,2698,2025-05-06,Salary,TRUE
5605,2011,2026-09-23,Salary,TRUE
5606,2573,2025-08-24,Manager Conflict,TRUE
5607,1777,2026-06-23,Salary,FALSE
5608,2731,2026-03-14,Manager Conflict,FALSE
5609,3827,2026-07-19,Manager Conflict,FALSE
5610,3229,2025-10-21,Growth Opportunity,FALSE
5611,3795,2024-07-24,Work-Life Balance,TRUE
5612,1465,2025-08-10,Salary,TRUE
5613,3652,2023-08-29,Salary,TRUE
5614,2094,2024-12-19,Work-Life Balance,FALSE
5615,2272,2024-10-13,Work-Life Balance,TRUE
5616,3924,2023-05-21,Salary,FALSE
5617,2581,2026-07-04,Manager Conflict,TRUE
5618,2208,2023-02-21,Work-Life Balance,TRUE
5619,1213,2026-04-23,Personal,TRUE
5620,1013,2023-02-16,Salary,TRUE
5621,3973,2024-06-08,Salary,TRUE
5622,1423,2025-05-22,Growth Opportunity,FALSE
5623,2689,2025-02-20,Manager Conflict,TRUE
5624,2780,2025-02-04,Growth Opportunity,FALSE
5625,3640,2025-10-13,Work-Life Balance,TRUE
5626,3320,2024-01-18,Salary,TRUE
5627,1638,2024-10-14,Work-Life Balance,TRUE
5628,2279,2026-02-22,Salary,TRUE
5629,2641,2024-10-17,Salary,TRUE
5630,1510,2024-04-08,Manager Conflict,TRUE
5631,1598,2026-12-08,Growth Opportunity,FALSE
5632,3713,2026-09-23,Work-Life Balance,TRUE
5633,3635,2024-03-18,Salary,TRUE
5634,3365,2025-11-28,Personal,TRUE
5635,3644,2023-10-15,Salary,TRUE
5636,1519,2025-09-12,Relocation,TRUE
5637,3794,2025-08-31,Manager Conflict,TRUE
5638,1574,2025-02-07,Work-Life Balance,TRUE
5639,3726,2024-02-22,Growth Opportunity,TRUE
5640,2098,2024-08-23,Work-Life Balance,TRUE
5641,2948,2026-08-22,Personal,TRUE
5642,2449,2026-01-31,Growth Opportunity,FALSE
5643,2585,2025-06-21,Work-Life Balance,FALSE
5644,3597,2024-08-07,Work-Life Balance,TRUE
5645,1965,2024-11-23,Manager Conflict,TRUE
5646,2019,2025-01-30,Work-Life Balance,TRUE
5647,3909,2023-06-28,Growth Opportunity,TRUE
5648,1359,2024-07-20,Salary,TRUE
5649,1737,2024-06-26,Work-Life Balance,TRUE
5650,2785,2026-08-28,Manager Conflict,TRUE
5651,2609,2025-01-12,Salary,TRUE
5652,1260,2024-01-10,Manager Conflict,TRUE
5653,3772,2024-02-29,Work-Life Balance,TRUE
5654,3643,2025-08-13,Work-Life Balance,TRUE
5655,3743,2024-06-14,Personal,TRUE
5656,3384,2024-08-04,Manager Conflict,TRUE
5657,2030,2025-09-19,Work-Life Balance,TRUE
5658,3409,2025-04-13,Growth Opportunity,TRUE
5659,1970,2026-09-10,Growth Opportunity,FALSE
5660,3991,2023-02-06,Salary,TRUE
5661,1820,2025-06-16,Growth Opportunity,FALSE
5662,3717,2024-01-01,Work-Life Balance,FALSE
5663,3326,2025-05-05,Personal,FALSE
5664,1457,2026-09-27,Work-Life Balance,TRUE
5665,1463,2026-10-02,Work-Life Balance,TRUE
5666,3345,2024-08-01,Growth Opportunity,TRUE
5667,3689,2023-01-18,Work-Life Balance,TRUE
5668,1382,2026-09-22,Growth Opportunity,TRUE
5669,2892,2025-12-30,Personal,TRUE
5670,2833,2023-10-22,Growth Opportunity,TRUE
5671,3309,2024-06-19,Growth Opportunity,TRUE
5672,2507,2025-12-23,Growth Opportunity,FALSE
5673,1806,2023-08-20,Work-Life Balance,TRUE
5674,3439,2023-05-10,Salary,TRUE
5675,1757,2024-04-22,Growth Opportunity,TRUE
5676,3516,2026-06-14,Work-Life Balance,FALSE
5677,2254,2026-06-29,Salary,TRUE
5678,1870,2025-05-29,Manager Conflict,TRUE
5679,3065,2023-08-09,Relocation,TRUE
5680,2411,2025-04-18,Growth Opportunity,TRUE
5681,3361,2023-07-28,Work-Life Balance,TRUE
5682,3288,2024-12-16,Manager Conflict,TRUE
5683,3859,2025-08-05,Salary,FALSE
5684,2174,2026-11-08,Work-Life Balance,TRUE
5685,1543,2023-12-03,Salary,TRUE
5686,3105,2023-09-30,Salary,TRUE
5687,2256,2025-02-04,Work-Life Balance,TRUE
5688,2767,2026-05-15,Work-Life Balance,TRUE
5689,2766,2025-07-14,Personal,FALSE
5690,2290,2024-02-04,Relocation,TRUE
5691,3422,2026-01-16,Salary,TRUE
5692,3528,2024-01-03,Salary,FALSE
5693,2344,2023-09-11,Salary,TRUE
5694,2526,2025-10-20,Salary,TRUE
5695,3895,2024-07-22,Manager Conflict,TRUE
5696,3687,2025-12-27,Salary,FALSE
5697,3195,2024-10-06,Growth Opportunity,TRUE
5698,3421,2025-07-02,Manager Conflict,TRUE
5699,2678,2026-11-06,Manager Conflict,TRUE
5700,2287,2024-01-04,Salary,TRUE
